CREATE TABLE PRODUCTO(
CODPRODUCTO NUMBER(5) NOT NULL,
NOMBRE VARCHAR2(40) NOT NULL,
TIPO VARCHAR2(2) NOT NULL,
PRECIOCOSTE NUMBER(5,2) NOT NULL,
PRECIOVENTA NUMBER(5,2) NOT NULL,
IVA NUMBER(2) NOT NULL,
CONSTRAINT PK_PRODUCTO PRIMARY KEY (CODPRODUCTO)
);

CREATE TABLE LINEAVENTA(
CODPRODUCTO NUMBER(5) NOT NULL,
CODVENTA NUMBER(5) NOT NULL,
CANTIDAD NUMBER(2) NOT NULL,
CONSTRAINT PK_LINEAVENTA PRIMARY KEY(CODPRODUCTO,CODVENTA),
CONSTRAINT FK_LINEAVENTA FOREIGN KEY (CODVENTA) REFERENCES VENTA(CODVENTA),
CONSTRAINT FK_LINEA FOREIGN KEY(CODPRODUCTO) REFERENCES PRODUCTO(CODPRODUCTO)
);

CREATE TABLE VENTA(
CODVENTA NUMBER(5) NOT NULL,
FECHA DATE NOT NULL,
CONSTRAINT PK_VENTA PRIMARY KEY(CODVENTA));

INSERT INTO VENTA (CODVENTA, FECHA)VALUES(10000, '21/01/2023');
INSERT INTO VENTA (CODVENTA, FECHA)VALUES(10001, '25/02/2023');
INSERT INTO VENTA (CODVENTA, FECHA)VALUES(10002, '16/03/2023');
INSERT INTO VENTA (CODVENTA, FECHA)VALUES(10005, '01/01/2023');
INSERT INTO VENTA (CODVENTA, FECHA)VALUES(10010, '23/02/2023');

INSERT INTO PRODUCTO (CODPRODUCTO, NOMBRE, TIPO, PRECIOCOSTE, PRECIOVENTA, IVA)VALUES(50000, 'QUESO', 'L', 10.52, 25.63, 10);
INSERT INTO PRODUCTO (CODPRODUCTO, NOMBRE, TIPO, PRECIOCOSTE, PRECIOVENTA, IVA)VALUES(50005, 'LECHE', 'L', 10.56, 12.55, 4);
INSERT INTO PRODUCTO (CODPRODUCTO, NOMBRE, TIPO, PRECIOCOSTE, PRECIOVENTA, IVA)VALUES(50010, 'HUEVOS', 'H', 26.03, 35.20, 10);
INSERT INTO PRODUCTO (CODPRODUCTO, NOMBRE, TIPO, PRECIOCOSTE, PRECIOVENTA, IVA)VALUES(50015, 'CARNE POLLO', 'C', 11.20, 40.90, 2);
INSERT INTO PRODUCTO (CODPRODUCTO, NOMBRE, TIPO, PRECIOCOSTE, PRECIOVENTA, IVA)VALUES(50020, 'CARNE TERNERA', 'C', 50.79, 64.52, 4);
INSERT INTO PRODUCTO (CODPRODUCTO, NOMBRE, TIPO, PRECIOCOSTE, PRECIOVENTA, IVA)VALUES(50025, 'YOGURT', 'L', 2.56, 7.55, 10);
INSERT INTO PRODUCTO (CODPRODUCTO, NOMBRE, TIPO, PRECIOCOSTE, PRECIOVENTA, IVA)VALUES(50030, 'JUDIAS', 'V', 18.90, 20.00, 4);

INSERT INTO LINEAVENTA (CODPRODUCTO, CODVENTA, CANTIDAD)VALUES(50000, 10000, 2);
INSERT INTO LINEAVENTA (CODPRODUCTO, CODVENTA, CANTIDAD)VALUES(50005, 10001, 5);
INSERT INTO LINEAVENTA (CODPRODUCTO, CODVENTA, CANTIDAD)VALUES(50010, 10002, 10);
INSERT INTO LINEAVENTA (CODPRODUCTO, CODVENTA, CANTIDAD)VALUES(50015, 10005, 11);
INSERT INTO LINEAVENTA (CODPRODUCTO, CODVENTA, CANTIDAD)VALUES(50020, 10010, 9);

--Consultas--

--A)

SELECT COUNT(PRECIOCOSTE) FROM PRODUCTO WHERE PRECIOCOSTE < (PRECIOVENTA / 2);

--B)

SELECT MAX(PRECIOVENTA), MAX(PRECIOCOSTE) FROM PRODUCTO WHERE IVA = 10;

--C)

SELECT MIN(PRECIOVENTA) FROM PRODUCTO;

--D)

SELECT COUNT(PRECIOCOSTE) FROM PRODUCTO WHERE TIPO = 'C' AND PRECIOCOSTE < (PRECIOVENTA / 3);

--E)

SELECT SUM((PRECIOVENTA - PRECIOCOSTE)* CANTIDAD) FROM PRODUCTO, LINEAVENTA WHERE TIPO = 'L' AND LINEAVENTA.CODPRODUCTO = PRODUCTO.CODPRODUCTO;

--F)

SELECT AVG((PRECIOVENTA - PRECIOCOSTE)*CANTIDAD) FROM PRODUCTO, LINEAVENTA WHERE TIPO IN('L', 'C', 'V', 'H') AND LINEAVENTA.CODPRODUCTO = PRODUCTO.CODPRODUCTO;

--G)

SELECT ROUND(PRECIOCOSTE,1) , ROUND(PRECIOVENTA,1) FROM PRODUCTO WHERE NOMBRE LIKE 'L%';

--H)

SELECT ROUND(PRECIOVENTA,1) FROM PRODUCTO WHERE PRECIOVENTA > (PRECIOCOSTE + (PRECIOCOSTE * 0.20));
--I)

SELECT MOD(PRECIOVENTA, PRECIOCOSTE) FROM PRODUCTO WHERE IVA IN(4, 10);

--J)

SELECT COUNT (*) FROM VENTA;

--K)

SELECT LOWER(NOMBRE) FROM PRODUCTO WHERE TIPO = 'L';